{
  "GlobalConfiguration": [
    //{
    //  "BaseUrl": "https://localhost:44349/"
    //}
    {
      "BaseUrl": "www.flavetechs.com"
    }
  ],
  "Routes": [
    ///////...............IN HOUSE SERVICES....................///////
    {
      "UpstreamPathTemplate": "/fws/client/{url}",
      "UpstreamHttpMethod": [ "GET", "POST" ],
      "DownstreamHostAndPorts": [
        {
          "Host": "flavetech-001-site6.etempurl.com/",
          "Port": "80"
        }
      ],
      "DownstreamPathTemplate": "/{url}",
      "DownstreamScheme": "HTTP"
    },
    {
      "UpstreamPathTemplate": "/cbt/client/{url}",
      "UpstreamHttpMethod": [ "GET", "POST" ],
      "DownstreamHostAndPorts": [
        {
          "Host": "flavetech-001-site5.etempurl.com/",
          "Port": "80"
        }
      ],
      "DownstreamPathTemplate": "/{url}",
      "DownstreamScheme": "HTTP"
    },
    //{
    //  "UpstreamPathTemplate": "/fws/{url}",
    //  "UpstreamHttpMethod": [ "GET", "POST" ],
    //  "DownstreamHostAndPorts": [
    //    {
    //      "Host": "localhost",
    //      "Port": "44357"
    //    }
    //  ],
    //  "DownstreamPathTemplate": "/fws/{url}",
    //  "DownstreamScheme": [ "https", "http" ],
    //  "HttpHandlerOptions": {
    //    "AllowAutoRedirect": true,
    //    "UseCookieContaiiner": true,
    //    "UseTracing": true
    //  },
    //  "Priority": 1,
    //  "DangerousAcceptAnyServerCertificate": true
    //},

    /////////..................SCHOOLS................///////////
    {
      "UpstreamPathTemplate": "/smp/development/{url}",
      "UpstreamHttpMethod": [ "GET", "POST" ],
      "DownstreamHostAndPorts": [
        {
          "Host": "flavetech-001-site1.etempurl.com",
          "Port": "80"
        }
      ],
      "DownstreamPathTemplate": "/{url}",
      "DownstreamScheme": "http"
    },
    {
      "UpstreamPathTemplate": "/smp/staging/{url}",
      "UpstreamHttpMethod": [ "GET", "POST" ],
      "DownstreamHostAndPorts": [
        {
          "Host": "flavetech-001-site3.etempurl.com/",
          "Port": "80"
        }
      ],
      "DownstreamPathTemplate": "/{url}",
      "DownstreamScheme": "http"
    }
  ]
}